Codigo_alfa_2;Nombre_comun_SPA;Nombre_ISO_oficial;Codigo_alfa_3;Nombre_Cancilleria;Observaciones;Continente_INDEC;Continente_Esp;Nombre_Corto_INDEC;Nombre_Largo_INDEC;Codigo_INDEC;Nombre_comun_ENG;Codigo_ISO;Independiente;Nombre_Excel;Capital_Excel
AF;Afganistán;Afganistán;AFG;AFGANISTÁN;0;Asia;;Afganistán (el);República Islámica del Afganistán (la);301;Afghanistan;ISO 3166-2:AF;Yes;AFGANISTÁN;Kabul
AX;Åland;Åland, Islas;ALA;;Es una provincia autónoma de Finlandia.;;;;;;Åland Islands;ISO 3166-2:AX;No;;
AL;Albania;Albania;ALB;ALBANIA;0;Europa;;Albania;la República de Albania;401;Albania;ISO 3166-2:AL;Yes;ALBANIA;Tirana
DE;Alemania;Alemania;DEU;ALEMANIA;Códigos obtenidos del idioma nativo (alemán): Deutschland;Europa;;Alemania;la República Federal de Alemania;438;Germany;ISO 3166-2:DE;Yes;ALEMANIA;Berlín
AD;Andorra;Andorra;AND;ANDORRA;0;Europa;;Andorra;el Principado de Andorra;404;Andorra;ISO 3166-2:AD;Yes;ANDORRA;Andorra La Vieja
AO;Angola;Angola;AGO;ANGOLA;0;África;;Angola;la República de Angola;149;Angola;ISO 3166-2:AO;Yes;ANGOLA;Luanda
AI;Anguila;Anguila;AIA;;0;;;;;;Anguilla;ISO 3166-2:AI;No;;
AQ;Antártida;Antártida;ATA;;Cubre el territorio al sur del paralelo 60º sur.;;;;;;Antarctica;ISO 3166-2:AQ;No;;
AG;Antigua y Barbuda;Antigua y Barbuda;ATG;ANTIGUA Y BARBUDA;0;América;América central y el Caribe;Antigua y Barbuda;Antigua y Barbuda;237;Antigua and Barbuda;ISO 3166-2:AG;Yes;ANTIGUA Y BARBUDA;Saint John's
SA;Arabia Saudita;Arabia Saudita;SAU;ARABIA SAUDITA;0;Asia;;Arabia Saudita (la);el Reino de la Arabia Saudita;302;Saudi Arabia;ISO 3166-2:SA;Yes;ARABIA SAUDITA;Riad
DZ;Argelia;Argelia;DZA;ARGELIA;Códigos obtenidos del idioma nativo (cabilio): Dzayer;África;;Argelia;la República Argelina Democrática y Popular;102;Algeria;ISO 3166-2:DZ;Yes;ARGELIA;Argel
AR;Argentina;Argentina;ARG;;0;América;América del sur;Argentina (la);la República Argentina;200;Argentina;ISO 3166-2:AR;Yes;ARGENTINA;Buenos Aires
AM;Armenia;Armenia;ARM;ARMENIA;0;Asia;;Armenia;la República de Armenia;349;Armenia;ISO 3166-2:AM;Yes;ARMENIA;Ereván
AW;Aruba;Aruba;ABW;;Forma parte del Reino de los Países Bajos.;América;América del sur;;;242;Aruba;ISO 3166-2:AW;No;;
AU;Australia;Australia;AUS;AUSTRALIA;Incluye las Islas Ashmore y Cartier y las Islas del Mar del Coral.;Oceanía;;Australia;Australia;501;Australia;ISO 3166-2:AU;Yes;AUSTRALIA;Canberra
AT;Austria;Austria;AUT;AUSTRIA;0;Europa;;Austria;la República de Austria;405;Austria;ISO 3166-2:AT;Yes;AUSTRIA;Viena
AZ;Azerbaiyán;Azerbaiyán;AZE;AZERBAIYÁN;0;Asia;;Azerbaiyán;la República de Azerbaiyán;350;Azerbaijan;ISO 3166-2:AZ;Yes;AZERBAIYÁN;Bakú
BS;Bahamas;Bahamas (las);BHS;BAHAMAS;0;América;América central y el Caribe;Bahamas (las);el Commonwealth de las Bahamas;239;Bahamas;ISO 3166-2:BS;Yes;BAHAMAS;Nassau
BD;Bangladés;Bangladés;BGD;BANGLADESH;0;Asia;;Bangladesh;la República Popular de Bangladesh;345;Bangladesh;ISO 3166-2:BD;Yes;BANGLADÉS;Daca
BB;Barbados;Barbados;BRB;BARBADOS;0;América;América central y el Caribe;Barbados;Barbados;201;Barbados;ISO 3166-2:BB;Yes;BARBADOS;Bridgetown
BH;Baréin;Baréin;BHR;BAHREIN  ;0;Asia;;Bahrein;el Reino de Bahrein;303;Bahrain;ISO 3166-2:BH;Yes;BARÉIN;Manamá
BE;Bélgica;Bélgica;BEL;BÉLGICA ;0;Europa;;Bélgica;el Reino de Bélgica;406;Belgium;ISO 3166-2:BE;Yes;BÉLGICA;Bruselas
BZ;Belice;Belice;BLZ;BELICE;0;América;América central y el Caribe;Belice;Belice;236;Belize;ISO 3166-2:BZ;Yes;BELICE;Belmopán
BJ;Benín;Benín;BEN;BENÍN;0;África;;Benin;la República de Benin;112;Benin;ISO 3166-2:BJ;Yes;BENIN;Porto-Novo
BM;Bermudas;Bermudas;BMU;;0;;;;;;Bermuda;ISO 3166-2:BM;No;;
BY;Bielorrusia;Belarús;BLR;BELARÚS;El nombre oficial del país es Belarús, aunque tradicionalmente se le sigue denominando Bielorrusia.;Europa;;;;;Belarus;ISO 3166-2:BY;Yes;BIELORRUSIA;Minsk
MM;Birmania;Myanmar;MMR;MYANMAR;Anteriormente conocida como Birmania.;Asia;;Myanmar;la Unión de Myanmar;304;Myanmar;ISO 3166-2:MM;Yes;MYANMAR (BIRMANIA);Naypyidaw
BO;Bolivia;Bolivia (Estado Plurinacional de);BOL;BOLIVIA;0;América;América del sur;Bolivia (Estado Plurinacional de);Estado Plurinacional de Bolivia (el);202;Bolivia (Plurinational State of);ISO 3166-2:BO;Yes;BOLIVIA;Sucre, La Paz
BQ;Bonaire, San Eustaquio y Saba;Bonaire, San Eustaquio y Saba;BES;;Son tres municipios especiales que forman parte de los Países Bajos.;América;América central y el Caribe;;;230;Bonaire, Sint Eustatius and Saba[d];ISO 3166-2:BQ;No;;
BA;Bosnia y Herzegovina;Bosnia y Herzegovina;BIH;BOSNIA Y HERZEGOVINA;0;Europa;;Bosnia y Herzegovina;Bosnia y Herzegovina;446;Bosnia and Herzegovina;ISO 3166-2:BA;Yes;BOSNIA Y HERZEGOVINA;Sarajevo
BW;Botsuana;Botsuana;BWA;BOTSWANA;0;África;;Botswana;la República de Botswana;103;Botswana;ISO 3166-2:BW;Yes;BOTSUANA;Gaberones
BR;Brasil;Brasil;BRA;BRASIL;0;América;América del sur;Brasil (el);la República Federativa del Brasil;203;Brazil;ISO 3166-2:BR;Yes;BRASIL;Brasilia
BN;Brunéi;Brunéi Darussalam;BRN;BRUNÉI DARUSSALAM;0;Asia;;Brunei Darussalam;Brunei Darussalam;346;Brunei Darussalam;ISO 3166-2:BN;Yes;BRUNEI;Bandar Seri Begawan
BG;Bulgaria;Bulgaria;BGR;BULGARIA;0;Europa;;Bulgaria;la República de Bulgaria;407;Bulgaria;ISO 3166-2:BG;Yes;BULGARIA;Sofía
BF;Burkina Faso;Burkina Faso;BFA;BURKINA FASO;0;África;;Burkina Faso;Burkina Faso;101;Burkina Faso;ISO 3166-2:BF;Yes;BURKINA FASO;Uagadugú
BI;Burundi;Burundi;BDI;BURUNDI;0;África;;Burundi;la República de Burundi;104;Burundi;ISO 3166-2:BI;Yes;BURUNDI;Buyumbura
BT;Bután;Bhután;BTN;BUTÁN;0;Asia;;Bhután;el Reino de Bhután;305;Bhutan;ISO 3166-2:BT;Yes;BUTÁN;Timbu
CV;Cabo Verde;Cabo Verde;CPV;CABO VERDE;0;África;;Cabo Verde;la República de Cabo Verde;150;Cabo Verde;ISO 3166-2:CV;Yes;CABO VERDE;Praia
KH;Camboya;Camboya;KHM;CAMBOYA;Códigos obtenidos del anterior nombre: Khmer Republic (República Jemer);Asia;;Camboya;el Reino de Camboya;306;Cambodia;ISO 3166-2:KH;Yes;CAMBOYA;Pnon Pehn
CM;Camerún;Camerún;CMR;CAMERÚN;0;África;;Camerún (el);la República del Camerún;105;Cameroon;ISO 3166-2:CM;Yes;CAMERÚN;Yaundé
CA;Canadá;Canadá;CAN;CANADÁ ;0;América;América del norte;Canadá (el);el Canadá;204;Canada;ISO 3166-2:CA;Yes;CANADÁ;Ottawa
QA;Catar;Qatar;QAT;QATAR;0;Asia;;Qatar;el Estado de Qatar;322;Qatar;ISO 3166-2:QA;Yes;CATAR;Doha
TD;Chad;Chad;TCD;CHAD;Códigos obtenidos del nombre en francés: Tchad;África;;Chad (el);la República del Chad;111;Chad;ISO 3166-2:TD;Yes;CHAD;Yamena
CL;Chile;Chile;CHL;CHILE;0;América;América del sur;Chile;la República de Chile;208;Chile;ISO 3166-2:CL;Yes;CHILE;Santiago De Chile
CN;China;China;CHN;CHINA ;0;Asia;;China;la República Popular China;310;China;ISO 3166-2:CN;Yes;CHINA;Pekín
CY;Chipre;Chipre;CYP;CHIPRE;0;Europa;;Chipre;la República de Chipre;435;Cyprus;ISO 3166-2:CY;Yes;CHIPRE;Nicosia
VA;Ciudad del Vaticano;Santa Sede (la);VAT;VATICANO;La Santa Sede es la representante diplomática del Estado de la Ciudad del Vaticano ante la ONU y otros países y organismos internacionales, aunque jurídicamente se trata de entes distintos. Los códigos ISO se asignan a la Santa Sede como representante de este Estado, pero se refieren al territorio del Estado de la Ciudad del Vaticano.;Europa;;Vaticano (Santa Sede);Vaticano (Santa Sede);431;Holy See;ISO 3166-2:VA;Yes;VATICANO;Ciudad Del Vaticano
CO;Colombia;Colombia;COL;COLOMBIA;0;América;América del sur;Colombia;la República de Colombia;205;Colombia;ISO 3166-2:CO;Yes;COLOMBIA;Bogotá
KM;Comoras;Comoras (las);COM;COMOROS                                        - Unión de las Comoras -;Códigos obtenidos del idioma nativo (comorense): Komori;África;;Comoras (las);la Unión de las Comoras;155;Comoros;ISO 3166-2:KM;Yes;COMORAS;Moroni
KP;Corea del Norte;Corea (la República Popular Democrática de);PRK;;0;Asia;;República Popular Democrática de Corea (la);la República Popular Democrática de Corea;308;Korea (Democratic People's Republic of);ISO 3166-2:KP;Yes;COREA DEL NORTE;Pyongyang
KR;Corea del Sur;Corea (la República de);KOR;COREA DEL SUR ;0;Asia;;República de Corea (la);la República de Corea;309;Korea, Republic of;ISO 3166-2:KR;Yes;COREA DEL SUR;Seúl
CI;Costa de Marfil;Côte d'Ivoire;CIV;COSTA DE MARFIL;Nombre oficial en la ISO en francés.;África;;Côte d'Ivoire;la República de Côte d'Ivoire;110;Côte d'Ivoire;ISO 3166-2:CI;Yes;COSTA DE MARFIL;Yamusukro, Abiyán
CR;Costa Rica;Costa Rica;CRI;COSTA RICA;Nombre oficial en la ISO en español.;América;América central y el Caribe;Costa Rica;la República de Costa Rica;206;Costa Rica;ISO 3166-2:CR;Yes;COSTA RICA;San José
HR;Croacia;Croacia;HRV;CROACIA;Códigos obtenidos del idioma nativo (croata): Hrvatska;Europa;;Croacia;la República de Croacia;447;Croatia;ISO 3166-2:HR;Yes;CROACIA;Zagreb
CU;Cuba;Cuba;CUB;CUBA ;0;América;América central y el Caribe;Cuba;la República de Cuba;207;Cuba;ISO 3166-2:CU;Yes;CUBA;La Habana
CW;Curazao;Curaçao;CUW;;Forma parte del Reino de los Países Bajos.;América;América del sur;;;;Curaçao;ISO 3166-2:CW;No;;
DK;Dinamarca;Dinamarca;DNK;DINAMARCA;0;Europa;;Dinamarca;el Reino de Dinamarca;409;Denmark;ISO 3166-2:DK;Yes;DINAMARCA;Copenhague
DM;Dominica;Dominica;DMA;DOMINICA;0;América;América central y el Caribe;Dominica;el Commonwealth de Dominica;233;Dominica;ISO 3166-2:DM;Yes;DOMINICA;Roseau
EC;Ecuador;Ecuador;ECU;ECUADOR;0;América;América del sur;Ecuador (el);la República del Ecuador;210;Ecuador;ISO 3166-2:EC;Yes;ECUADOR;Quito
EG;Egipto;Egipto;EGY;EGIPTO;0;África;;Egipto;la República Árabe de Egipto;113;Egypt;ISO 3166-2:EG;Yes;EGIPTO;El Cairo
SV;El Salvador;El Salvador;SLV;EL SALVADOR;Nombre oficial en la ISO en español.;América;América central y el Caribe;El Salvador;la República de El Salvador;211;El Salvador;ISO 3166-2:SV;Yes;EL SALVADOR;San Salvador
AE;Emiratos Árabes Unidos;Emiratos Árabes Unidos (los);ARE;EMIRATOS ÁRABES;0;Asia;;Emiratos Árabes Unidos (los);los Emiratos Árabes Unidos;331;United Arab Emirates;ISO 3166-2:AE;Yes;EMIRATOS ARABES UNIDOS;Abu Dabi
ER;Eritrea;Eritrea;ERI;ERITREA;0;África;;Eritrea;Eritrea;160;Eritrea;ISO 3166-2:ER;Yes;ERITREA;Asmara
SK;Eslovaquia;Eslovaquia;SVK;ESLOVAQUIA;0;Europa;;Eslovaquia;la República Eslovaca;448;Slovakia;ISO 3166-2:SK;Yes;ESLOVAQUIA;Bratislava
SI;Eslovenia;Eslovenia;SVN;ESLOVENIA;0;Europa;;Eslovenia;la República de Eslovenia;449;Slovenia;ISO 3166-2:SI;Yes;ESLOVENIA;Lublijana
ES;España;España;ESP;ESPAÑA;Códigos obtenidos del idioma nativo (español): España;Europa;;España;el Reino de España;410;Spain;ISO 3166-2:ES;Yes;ESPAÑA;Madrid
US;Estados Unidos;Estados Unidos de América (los);USA;ESTADOS UNIDOS;0;América;América del norte;Estados Unidos de América (los);los Estados Unidos de América;212;United States of America;ISO 3166-2:US;Yes;ESTADOS UNIDOS;Washington D. C.
EE;Estonia;Estonia;EST;ESTONIA ;Códigos obtenidos del idioma nativo (estonio): Eesti;Europa;;Estonia;la República de Estonia;440;Estonia;ISO 3166-2:EE;Yes;ESTONIA;Tallín
ET;Etiopía;Etiopía;ETH;ETIOPÍA;0;África;;Etiopía;la República Democrática Federal de Etiopía;161;Ethiopia;ISO 3166-2:ET;Yes;ETIOPÍA;Adís Abeba
PH;Filipinas;Filipinas (las);PHL;FILIPINAS;0;Asia;;Filipinas;la República de Filipinas;312;Philippines;ISO 3166-2:PH;Yes;FILIPINAS;Manila
FI;Finlandia;Finlandia;FIN;FINLANDIA;0;Europa;;Finlandia;la República de Finlandia;411;Finland;ISO 3166-2:FI;Yes;FINLANDIA;Helsinki
FJ;Fiyi;Fiji;FJI;FIJI ;0;Oceanía;;Fiji;la República de las Islas Fiji;512;Fiji;ISO 3166-2:FJ;Yes;FIYI;Suva
FR;Francia;Francia;FRA;FRANCIA;Incluye la Isla Clipperton.;Europa;;Francia;la República Francesa;412;France;ISO 3166-2:FR;Yes;FRANCIA;París
GA;Gabón;Gabón;GAB;GABÓN;0;África;;Gabón (el);la República Gabonesa;115;Gabon;ISO 3166-2:GA;Yes;GABÓN;Libreville
GM;Gambia;Gambia (la);GMB;GAMBIA;0;África;;Gambia;la República de Gambia;116;Gambia;ISO 3166-2:GM;Yes;GAMBIA;Banjul
GE;Georgia;Georgia;GEO;GIORGIA;0;Asia;;Georgia;Georgia;351;Georgia;ISO 3166-2:GE;Yes;GEORGIA;Tiflis
GH;Ghana;Ghana;GHA;GHANA;0;África;;Ghana;la República de Ghana;117;Ghana;ISO 3166-2:GH;Yes;GHANA;Accra
GI;Gibraltar;Gibraltar;GIB;;Pertenece al Reino Unido.;Europa;;;;433;Gibraltar;ISO 3166-2:GI;No;;
GD;Granada;Granada;GRD;GRANADA;0;América;América central y el Caribe;Granada;Granada;240;Grenada;ISO 3166-2:GD;Yes;GRANADA;Saint George's
GR;Grecia;Grecia;GRC;GRECIA;0;Europa;;Grecia;la República Helénica;413;Greece;ISO 3166-2:GR;Yes;GRECIA;Atenas
GL;Groenlandia;Groenlandia;GRL;;Pertenece al Reino de Dinamarca.;América;América central y el Caribe;;;228;Greenland;ISO 3166-2:GL;No;;
GP;Guadalupe;Guadeloupe;GLP;;Departamento de ultramar francés. Nombre oficial en la ISO en francés.;;;;;;Guadeloupe;ISO 3166-2:GP;No;;
GU;Guam;Guam;GUM;;Territorio no incorporado de los Estados Unidos.;;;;;;Guam;ISO 3166-2:GU;No;;
GT;Guatemala;Guatemala;GTM;GUATEMALA;0;América;América central y el Caribe;Guatemala;República de Guatemala (la);213;Guatemala;ISO 3166-2:GT;Yes;GUATEMALA;Ciudad De Guatemala
GF;Guayana Francesa;Guayana Francesa;GUF;;Departamento de ultramar francés.;América;América del sur;;;229;French Guiana;ISO 3166-2:GF;No;;
GG;Guernsey;Guernsey;GGY;;Una dependencia de la Corona británica.;;;;;;Guernsey;ISO 3166-2:GG;No;;
GN;Guinea;Guinea;GIN;GUINEA;0;África;;Guinea;la República de Guinea;118;Guinea;ISO 3166-2:GN;Yes;GUINEA;Conakry
GQ;Guinea Ecuatorial;Guinea Ecuatorial;GNQ;GUINEA ECUATORIAL;Códigos obtenidos del nombre en francés: Guinée équatoriale;África;;Guinea Ecuatorial (la);la República de Guinea Ecuatorial;119;Equatorial Guinea;ISO 3166-2:GQ;Yes;GUINEA ECUATORIAL;Malabo
GW;Guinea-Bisáu;Guinea Bissau;GNB;GUINEA-BISSAU;0;África;;Guinea-Bissau;la República de Guinea-Bissau;156;Guinea-Bissau;ISO 3166-2:GW;Yes;GUINEA-BISSAU;Bissau
GY;Guyana;Guyana;GUY;GUYANA;0;América;América del sur;Guyana;la República de Guyana;214;Guyana;ISO 3166-2:GY;Yes;GUYANA;Georgetown
HT;Haití;Haití;HTI;HAITÍ;0;América;América central y el Caribe;Haití;la República de Haití;215;Haiti;ISO 3166-2:HT;Yes;HAITÍ;Puerto Príncipe
HN;Honduras;Honduras;HND;HONDURAS ;0;América;América central y el Caribe;Honduras;la República de Honduras;216;Honduras;ISO 3166-2:HN;Yes;HONDURAS;Tegucigalpa
HK;Hong Kong;Hong Kong;HKG;;Región administrativa especial de China.;Asia;;;;341;Hong Kong;ISO 3166-2:HK;No;;
HU;Hungría;Hungría;HUN;HUNGRÍA;0;Europa;;Hungría;la República de Hungría;414;Hungary;ISO 3166-2:HU;Yes;HUNGRÍA;Budapest
IN;India;India;IND;INDIA;0;Asia;;India (la);la República de la India;315;India;ISO 3166-2:IN;Yes;INDIA;Nueva Delhi
ID;Indonesia;Indonesia;IDN;INDONESIA;0;Asia;;Indonesia;la República de Indonesia;316;Indonesia;ISO 3166-2:ID;Yes;INDONESIA;Yakarta
IQ;Irak;Irak;IRQ;IRAQ;0;Asia;;Iraq (el);la República del Iraq;317;Iraq;ISO 3166-2:IQ;Yes;IRAQ;Bagdad
IR;Irán;Irán (República Islámica de);IRN;IRÁN ;0;Asia;;Irán (República Islámica del);la República Islámica del Irán;318;Iran (Islamic Republic of);ISO 3166-2:IR;Yes;IRÁN;Teherán
IE;Irlanda;Irlanda;IRL;IRLANDA;0;Europa;;Irlanda;Irlanda;415;Ireland;ISO 3166-2:IE;Yes;IRLANDA;Dublín
BV;Isla Bouvet;Bouvet, Isla;BVT;;Pertenece a Noruega.;;;;;;Bouvet Island;ISO 3166-2:BV;No;;
IM;Isla de Man;Isla de Man;IMN;;Una dependencia de la Corona británica.;;;;;;Isle of Man;ISO 3166-2:IM;No;;
CX;Isla de Navidad;Navidad, Isla de;CXR;;Pertenece a Australia.;;;;;;Christmas Island;ISO 3166-2:CX;No;;
NF;Isla Norfolk;Norfolk, Isla;NFK;;Pertenece a Australia.;;;;;;Norfolk Island;ISO 3166-2:NF;No;;
IS;Islandia;Islandia;ISL;ISLANDIA;Códigos obtenidos del idioma nativo (islandés): Ísland;Europa;;Islandia;la República de Islandia;416;Iceland;ISO 3166-2:IS;Yes;ISLANDIA;Reikiavik
KY;Islas Caimán;Caimán, (las) Islas;CYM;;0;;;;;;Cayman Islands;ISO 3166-2:KY;No;;
CC;Islas Cocos;Cocos / Keeling, (las) Islas;CCK;;Pertenecen a Australia.;;;;;;Cocos (Keeling) Islands;ISO 3166-2:CC;No;;
CK;Islas Cook;Cook, (las) Islas;COK;;0;;;;;;Cook Islands;ISO 3166-2:CK;No;;
FO;Islas Feroe;Feroe, (las) Islas;FRO;;Pertenecen al Reino de Dinamarca.;;;;;;Faroe Islands;ISO 3166-2:FO;No;;
GS;Islas Georgias del Sur y Sandwich del Sur;Georgia del Sur (la) y las Islas Sandwich del Sur;SGS;;0;;;;;;South Georgia and the South Sandwich Islands;ISO 3166-2:GS;No;;
HM;Islas Heard y McDonald;Heard (Isla) e Islas McDonald;HMD;;Pertenecen a Australia.;;;;;;Heard Island and McDonald Islands;ISO 3166-2:HM;No;;
FK;Islas Malvinas;Malvinas [Falkland], (las) Islas;FLK;;Códigos obtenidos del nombre en (inglés): Falkland;América;América del sur;;;;Falkland Islands (Malvinas);ISO 3166-2:FK;No;;
MP;Islas Marianas del Norte;Marianas del Norte, (las) Islas;MNP;;Territorio no incorporado de los Estados Unidos.;Oceanía;;;;521;Northern Mariana Islands;ISO 3166-2:MP;No;;
MH;Islas Marshall;Marshall, (las) Islas;MHL;MARSHALL, ISLAS;0;Oceanía;;Islas Marshall (las);la República de las Islas Marshall;520;Marshall Islands;ISO 3166-2:MH;Yes;ISLAS MARSHALL;Majuro
PN;Islas Pitcairn;Pitcairn;PCN;;0;;;;;;Pitcairn;ISO 3166-2:PN;No;;
SB;Islas Salomón;Salomón, Islas;SLB;;Códigos obtenidos de su anterior nombre: British Solomon Islands;Oceanía;;Islas Salomón (las);las Islas Salomón;518;Solomon Islands;ISO 3166-2:SB;Yes;ISLAS SALOMÓN;Honiara
TC;Islas Turcas y Caicos;Turcas y Caicos, (las) Islas;TCA;;0;;;;;;Turks and Caicos Islands;ISO 3166-2:TC;No;;
UM;Islas Ultramarinas Menores de los Estados Unidos;Islas Ultramarinas Menores de los Estados Unidos (las);UMI;;Comprende nueve áreas insulares menores de los Estados Unidos: Arrecife Kingman, Atolón Johnston, Atolón Palmyra, Isla Baker, Isla Howland, Isla Jarvis, Islas Midway, Isla de Navaza e Isla Wake.;;;;;;United States Minor Outlying Islands[h];ISO 3166-2:UM;No;;
VG;Islas Vírgenes Británicas;Vírgenes británicas, Islas;VGB;;0;;;;;;Virgin Islands (British);ISO 3166-2:VG;No;;
VI;Islas Vírgenes de los Estados Unidos;Vírgenes de los Estados Unidos, Islas;VIR;;Territorio no incorporado de los Estados Unidos.;América;América central y el Caribe;;;231;Virgin Islands (U.S.);ISO 3166-2:VI;No;;
IL;Israel;Israel;ISR;ISRAEL;0;Asia;;Israel;el Estado de Israel;319;Israel;ISO 3166-2:IL;Yes;ISRAEL;Jerusalén
IT;Italia;Italia;ITA;ITALIA;0;Europa;;Italia;la República Italiana;417;Italy;ISO 3166-2:IT;Yes;ITALIA;Roma
JM;Jamaica;Jamaica;JAM;JAMAICA;0;América;América central y el Caribe;Jamaica;Jamaica;217;Jamaica;ISO 3166-2:JM;Yes;JAMAICA;Kingston
JP;Japón;Japón;JPN;JAPÓN ;0;Asia;;Japón (el);el Japón;320;Japan;ISO 3166-2:JP;Yes;JAPÓN;Tokio
JE;Jersey;Jersey;JEY;;Una dependencia de la Corona británica.;;;;;;Jersey;ISO 3166-2:JE;No;;
JO;Jordania;Jordania;JOR;JORDANIA;0;Asia;;Jordania;el Reino Hachemita de Jordania;321;Jordan;ISO 3166-2:JO;Yes;JORDANIA;Ammán
KZ;Kazajistán;Kazajistán;KAZ;KAZAJISTÁN;0;Asia;;Kazajstán;la República de Kazajstán;352;Kazakhstan;ISO 3166-2:KZ;Yes;KAZAJISTÁN;Astaná
KE;Kenia;Kenia;KEN;KENIA;0;África;;Kenya;la República de Kenya;120;Kenya;ISO 3166-2:KE;Yes;KENIA;Nairobi
KG;Kirguistán;Kirguistán;KGZ;KIRGUISTÁN;0;Asia;;Kirguistán;la República Kirguisa;353;Kyrgyzstan;ISO 3166-2:KG;Yes;KIRGUISTÁN;Biskek
KI;Kiribati;Kiribati;KIR;;0;Oceanía;;Kiribati;la República de Kiribati;514;Kiribati;ISO 3166-2:KI;Yes;KIRIBATI;Tarawa
KW;Kuwait;Kuwait;KWT;KUWAIT;0;Asia;;Kuwait;el Estado de Kuwait;323;Kuwait;ISO 3166-2:KW;Yes;KUWAIT;Ciudad De Kuwait
LA;Laos;Lao, (la) República Democrática Popular;LAO;LAOS;0;Asia;;República Democrática Popular Lao (la);la República Democrática Popular Lao;324;Lao People's Democratic Republic;ISO 3166-2:LA;Yes;LAOS;Vientián
LS;Lesoto;Lesoto;LSO;LESOTHO;0;África;;Lesotho;el Reino de Lesotho;121;Lesotho;ISO 3166-2:LS;Yes;LESOTO;Maseru
LV;Letonia;Letonia;LVA;LETONIA;0;Europa;;Letonia;la República de Letonia;441;Latvia;ISO 3166-2:LV;Yes;LETONIA;Riga
LB;Líbano;Líbano;LBN;LÍBANO;0;Asia;;Líbano (el);la República Libanesa;325;Lebanon;ISO 3166-2:LB;Yes;LÍBANO;Beirut
LR;Liberia;Liberia;LBR;LIBERIA;0;África;;Liberia;la República de Liberia;122;Liberia;ISO 3166-2:LR;Yes;LIBERIA;Monrovia
LY;Libia;Libia;LBY;LIBIA;0;África;;Jamahiriya Árabe Libia (la);la Jamahiriya Árabe Libia Popular y Socialista;123;Libya;ISO 3166-2:LY;Yes;LIBIA;Trípoli
LI;Liechtenstein;Liechtenstein;LIE;LIECHTENSTEIN;0;Europa;;Liechtenstein;el Principado de Liechtenstein;418;Liechtenstein;ISO 3166-2:LI;Yes;LIECHTENSTEIN;Vaduz
LT;Lituania;Lituania;LTU;LITUANIA;0;Europa;;Lituania;la República de Lituania;442;Lithuania;ISO 3166-2:LT;Yes;LITUANIA;Vilna
LU;Luxemburgo;Luxemburgo;LUX;LUXEMBURGO;0;Europa;;Luxemburgo;el Gran Ducado de Luxemburgo;419;Luxembourg;ISO 3166-2:LU;Yes;LUXEMBURGO;Luxemburgo
MO;Macao;Macao;MAC;;Región administrativa especial de China.;Asia;;;;344;Macao;ISO 3166-2:MO;No;;
MK;Macedonia del Norte;Macedonia del Norte;MKD;MACEDONIA DEL NORTE;Ver: Disputa sobre el nombre de Macedonia;Europa;;ex República Yugoslava de Macedonia (la);ex República Yugoslava de Macedonia (la);450;North Macedonia;ISO 3166-2:MK;Yes;REPÚBLICA DE MACEDONIA;Skopje
MG;Madagascar;Madagascar;MDG;MADAGASCAR;0;África;;Madagascar;la República de Madagascar;124;Madagascar;ISO 3166-2:MG;Yes;MADAGASCAR;Antananarivo
MY;Malasia;Malasia;MYS;MALASIA;0;Asia;;Malasia;Malasia;326;Malaysia;ISO 3166-2:MY;Yes;MALASIA;Kuala Lumpur
MW;Malaui;Malawi;MWI;MALAWI;0;África;;Malawi;la República de Malawi;125;Malawi;ISO 3166-2:MW;Yes;MALAUI;Lilongüe
MV;Maldivas;Maldivas;MDV;MALDIVAS;0;Asia;;Maldivas;la República de Maldivas;327;Maldives;ISO 3166-2:MV;Yes;MALDIVAS;Malé
ML;Malí;Malí;MLI;MALI;0;África;;Malí;la República de Malí;126;Mali;ISO 3166-2:ML;Yes;MALI;Bamako
MT;Malta;Malta;MLT;MALTA ;0;Europa;;Malta;la República de Malta;420;Malta;ISO 3166-2:MT;Yes;MALTA;La Valeta
MA;Marruecos;Marruecos;MAR;MARRUECOS;Códigos obtenidos del nombre en francés: Maroc;África;;Marruecos;el Reino de Marruecos;127;Morocco;ISO 3166-2:MA;Yes;MARRUECOS;Rabat
MQ;Martinica;Martinique;MTQ;;Departamento de ultramar francés. Nombre oficial en la ISO en francés.;;;;;;Martinique;ISO 3166-2:MQ;No;;
MU;Mauricio;Mauricio;MUS;MAURICIO;0;África;;Mauricio;la República de Mauricio;128;Mauritius;ISO 3166-2:MU;Yes;MAURICIO;Port Louis
MR;Mauritania;Mauritania;MRT;MAURITANIA;0;África;;Mauritania;la República Islámica de Mauritania;129;Mauritania;ISO 3166-2:MR;Yes;MAURITANIA;Nuakchot
YT;Mayotte;Mayotte;MYT;;Departamento de ultramar francés.;;;;;;Mayotte;ISO 3166-2:YT;No;;
MX;México;México;MEX;MÉXICO;0;América;América del norte;México;los Estados Unidos Mexicanos;218;Mexico;ISO 3166-2:MX;Yes;MÉXICO;México D. F.
FM;Micronesia;Micronesia (Estados Federados de);FSM;MICRONESIA;0;Oceanía;;Micronesia (Estados Federados de);los Estados Federados de Micronesia;515;Micronesia (Federated States of);ISO 3166-2:FM;Yes;MICRONESIA;Palikir
MD;Moldavia;Moldova (la República de);MDA;MOLDOVA;0;Europa;;República de Moldova (la);la República de Moldova;443;Moldova, Republic of;ISO 3166-2:MD;Yes;MOLDAVIA;Chisinau
MC;Mónaco;Mónaco;MCO;MÓNACO;0;Europa;;Mónaco;el Principado de Mónaco;421;Monaco;ISO 3166-2:MC;Yes;MÓNACO;Mónaco
MN;Mongolia;Mongolia;MNG;MONGOLIA;0;Asia;;Mongolia;Mongolia;329;Mongolia;ISO 3166-2:MN;Yes;MONGOLIA;Ulan Bator
ME;Montenegro;Montenegro;MNE;MONTENEGRO;0;Europa;;Montenegro;Montenegro;453;Montenegro;ISO 3166-2:ME;Yes;MONTENEGRO;Podgorica
MS;Montserrat;Montserrat;MSR;;0;;;;;;Montserrat;ISO 3166-2:MS;No;;
MZ;Mozambique;Mozambique;MOZ;MOZAMBIQUE;0;África;;Mozambique;la República de Mozambique;151;Mozambique;ISO 3166-2:MZ;Yes;MOZAMBIQUE;Maputo
NA;Namibia;Namibia;NAM;NAMIBIA;0;África;;Namibia;la República de Namibia;158;Namibia;ISO 3166-2:NA;Yes;NAMIBIA;Windhoek
NR;Nauru;Nauru;NRU;;0;Oceanía;;Nauru;la República de Nauru;503;Nauru;ISO 3166-2:NR;Yes;NAURU;Yaren
NP;Nepal;Nepal;NPL;NEPAL;0;Asia;;Nepal;la República Democrática Federal de Nepal;330;Nepal;ISO 3166-2:NP;Yes;NEPAL;Katmandú
NI;Nicaragua;Nicaragua;NIC;NICARAGUA;0;América;América central y el Caribe;Nicaragua;la República de Nicaragua;219;Nicaragua;ISO 3166-2:NI;Yes;NICARAGUA;Managua
NE;Níger;Níger (el);NER;NÍGER;0;África;;Níger (el);la República del Níger;130;Niger;ISO 3166-2:NE;Yes;NÍGER;Niamey
NG;Nigeria;Nigeria;NGA;NIGERIA;0;África;;Nigeria;la República Federal de Nigeria;131;Nigeria;ISO 3166-2:NG;Yes;NIGERIA;Abuya
NU;Niue;Niue;NIU;;Asociado a Nueva Zelanda.;;;;;;Niue;ISO 3166-2:NU;No;;
NO;Noruega;Noruega;NOR;NORUEGA;0;Europa;;Noruega;el Reino de Noruega;422;Norway;ISO 3166-2:NO;Yes;NORUEGA;Oslo
NC;Nueva Caledonia;Nueva Caledonia;NCL;;0;;;;;;New Caledonia;ISO 3166-2:NC;No;NUEVA ZELANDA;Wellington
NZ;Nueva Zelanda;Nueva Zelandia;NZL;NUEVA ZELANDA;0;Oceanía;;Nueva Zelandia;Nueva Zelandia;504;New Zealand;ISO 3166-2:NZ;Yes;;
OM;Omán;Omán;OMN;OMÁN;0;Asia;;Omán;la Sultanía de Omán;328;Oman;ISO 3166-2:OM;Yes;OMÁN;Mascate
NL;Países Bajos;Países Bajos (los);NLD;PAÍSES BAJOS - HOLANDA;Forma parte del Reino de los Países Bajos.;Europa;;Países Bajos (los);el Reino de los Países Bajos;423;Netherlands;ISO 3166-2:NL;Yes;PAÍSES BAJOS;Amsterdam
PK;Pakistán;Pakistán;PAK;PAKISTÁN;0;Asia;;Pakistán (el);la República Islámica del Pakistán;332;Pakistan;ISO 3166-2:PK;Yes;PAKISTÁN;Islamabad
PW;Palaos;Palau;PLW;PALAU;0;Oceanía;;Palau;la República de Palau;516;Palau;ISO 3166-2:PW;Yes;PALAOS;Melekeok
PS;Palestina;Palestina, Estado de;PSE;PALESTINA;Comprende los territorios de Cisjordania y Franja de Gaza.;Asia;;Palestina;el Estado de Palestina;357;Palestine, State of;ISO 3166-2:PS;No;PALESTINA;Ramala
PA;Panamá;Panamá;PAN;PANAMÁ;0;América;América central y el Caribe;Panamá;la República de Panamá;220;Panama;ISO 3166-2:PA;Yes;PANAMÁ;Ciudad De Panamá
PG;Papúa Nueva Guinea;Papua Nueva Guinea;PNG;PAPÚA NUEVA GUINEA;0;Oceanía;;Papua Nueva Guinea;Papua Nueva Guinea;513;Papua New Guinea;ISO 3166-2:PG;Yes;PAPÚA NUEVA GUINEA;Port Moresby
PY;Paraguay;Paraguay;PRY;PARAGUAY;0;América;América del sur;Paraguay (el);la República del Paraguay;221;Paraguay;ISO 3166-2:PY;Yes;PARAGUAY;Asunción
PE;Perú;Perú;PER;PERÚ;0;América;América del sur;Perú (el);la República del Perú;222;Peru;ISO 3166-2:PE;Yes;PERÚ;Lima
PF;Polinesia Francesa;Polinesia Francesa;PYF;;Códigos obtenidos del nombre en francés: Polynésie française;Oceanía;;;;509;French Polynesia;ISO 3166-2:PF;No;;
PL;Polonia;Polonia;POL;POLONIA;0;Europa;;Polonia;la República de Polonia;424;Poland;ISO 3166-2:PL;Yes;POLONIA;Varsovia
PT;Portugal;Portugal;PRT;PORTUGAL;0;Europa;;Portugal;la República Portuguesa;425;Portugal;ISO 3166-2:PT;Yes;PORTUGAL;Lisboa
PR;Puerto Rico;Puerto Rico;PRI;;Territorio no incorporado de los Estados Unidos. Nombre oficial en la ISO en español.;América;América central y el Caribe;;;223;Puerto Rico;ISO 3166-2:PR;No;PUERTO RICO;San Juan
GB;Reino Unido;Reino Unido de Gran Bretaña e Irlanda del Norte (el);GBR;REINO UNIDO  ;Debido a que para obtener los códigos ISO no se utilizan las palabras comunes de Reino y Unido, los códigos se han obtenido a partir del resto del nombre oficial.;Europa;;Reino Unido de Gran Bretaña e Irlanda del Norte (el);el Reino Unido de Gran Bretaña e Irlanda del Norte;426;United Kingdom of Great Britain and Northern Ireland;ISO 3166-2:GB;Yes;REINO UNIDO;Londres
EH;República Árabe Saharaui Democrática;Sahara Occidental;ESH;;Nombre provisional. Anterior nombre en la ISO: Sahara español;;;;;;Western Sahara;ISO 3166-2:EH;No;REPÚBLICA SAHARAUI;El Aaiún
CF;República Centroafricana;República Centroafricana (la);CAF;REPÚBLICA CENTROAFRICANA ;0;África;;República Centroafricana (la);la República Centroafricana;107;Central African Republic;ISO 3166-2:CF;Yes;REPÚBLICA CENTROAFRICANA;Bangui
CZ;República Checa;Chequia;CZE;CHECA, REPÚBLICA;0;Europa;;República Checa (la);la República Checa;451;Czechia;ISO 3166-2:CZ;Yes;REPÚBLICA CHECA;Praga
CG;República del Congo;Congo (el);COG;REPÚBLICA DEL CONGO  ;0;África;;Congo (el);la República del Congo;108;Congo;ISO 3166-2:CG;Yes;REPÚBLICA DEL CONGO;Brazzaville
CD;República Democrática del Congo;Congo (la República Democrática del);COD;REPÚBLICA DEMOCRÁTICA DEL CONGO  ;0;África;;República Democrática del Congo (la);la República Democrática del Congo;109;Congo, Democratic Republic of the;ISO 3166-2:CD;Yes;REPÚBLICA DEMOCRÁTICA DEL CONGO;Kinshasa
DO;República Dominicana;Dominicana, (la) República;DOM;REPÚBLICA DOMINICANA;0;América;América central y el Caribe;Dominicana (la);la República Dominicana;209;Dominican Republic;ISO 3166-2:DO;Yes;REPÚBLICA DOMINICANA;Santo Domingo
RE;Reunión;Reunión;REU;;Departamento de ultramar francés.;;;;;;Réunion;ISO 3166-2:RE;No;;
RW;Ruanda;Ruanda;RWA;RUANDA;0;África;;Rwanda;la República de Rwanda;133;Rwanda;ISO 3166-2:RW;Yes;RUANDA;Kigali
RO;Rumania;Rumania;ROU;RUMANIA;0;Europa;;Rumania;Rumania;427;Romania;ISO 3166-2:RO;Yes;RUMANIA;Bucarest
RU;Rusia;Rusia, (la) Federación de;RUS;RUSIA;0;Europa;;Federación de Rusia (la);la Federación de Rusia;444;Russian Federation;ISO 3166-2:RU;Yes;RUSIA;Moscú
WS;Samoa;Samoa;WSM;SALOMÓN, ISLAS;Códigos obtenidos del anterior nombre: Western Samoa (Samoa Occidental);Oceanía;;Samoa;el Estado Independiente de Samoa;506;Samoa;ISO 3166-2:WS;Yes;SAMOA;Apia
AS;Samoa Americana;Samoa Americana;ASM;SAMOA ;Territorio no incorporado de los Estados Unidos.;;;;;;American Samoa;ISO 3166-2:AS;No;;
BL;San Bartolomé;Saint Barthélemy;BLM;;Colectividad de ultramar francesa. Nombre oficial en la ISO en francés.;Europa;;Belarús;la República de Belarús;439;Saint Barthélemy;ISO 3166-2:BL;No;;
KN;San Cristóbal y Nieves;San Cristóbal y Nieves;KNA;SAN CRISTÓBAL Y NIEVES;0;América;América central y el Caribe;Saint Kitts y Nevis;Saint Kitts y Nevis;238;Saint Kitts and Nevis;ISO 3166-2:KN;Yes;SAN CRISTÓBAL Y NIEVES;Basseterre
SM;San Marino;San Marino;SMR;SAN MARINO;0;Europa;;San Marino;la República de San Marino;428;San Marino;ISO 3166-2:SM;Yes;SAN MARINO;Ciudad De San Marino
MF;San Martín;Saint Martin (parte francesa);MAF;;Colectividad de ultramar francesa. Nombre oficial en la ISO en francés.;;;;;;Saint Martin (French part);ISO 3166-2:MF;No;;
SX;San Martín;Sint Maarten (parte neerlandesa);SXM;;Forma parte del Reino de los Países Bajos.;;;;;;Sint Maarten (Dutch part);ISO 3166-2:SX;No;;
PM;San Pedro y Miquelón;San Pedro y Miquelón;SPM;;Colectividad de ultramar francesa.;;;;;;Saint Pierre and Miquelon;ISO 3166-2:PM;No;;
VC;San Vicente y las Granadinas;San Vicente y las Granadinas;VCT;SAN VICENTE Y LAS GRANADINAS;0;América;América central y el Caribe;San Vicente y las Granadinas;San Vicente y las Granadinas;235;Saint Vincent and the Grenadines;ISO 3166-2:VC;Yes;SAN VICENTE Y LAS GRANADINAS;Kingstown
SH;Santa Elena, Ascensión y Tristán de Acuña;Santa Helena, Ascensión y Tristán de Acuña;SHN;;0;;;;;;Saint Helena, Ascension and Tristan da Cunha[e];ISO 3166-2:SH;No;;
LC;Santa Lucía;Santa Lucía;LCA;SANTA LUCÍA;0;América;América central y el Caribe;Santa Lucía;Santa Lucía;234;Saint Lucia;ISO 3166-2:LC;Yes;SANTA LUCÍA;Castries
ST;Santo Tomé y Príncipe;Santo Tomé y Príncipe;STP;SANTO TOMÉ Y PRÍNCIPE;0;África;;Santo Tomé y Príncipe;la República Democrática de Santo Tomé y Príncipe;157;Sao Tome and Principe;ISO 3166-2:ST;Yes;SANTO TOMÉ Y PRÍNCIPE;Santo Tomé
SN;Senegal;Senegal;SEN;SENEGAL;0;África;;Senegal (el);la República del Senegal;134;Senegal;ISO 3166-2:SN;Yes;SENEGAL;Dakar
RS;Serbia;Serbia;SRB;SERBIA;Códigos obtenidos de su nombre oficial: República de Serbia, en inglés.;Europa;;Serbia;la República de Serbia;454;Serbia;ISO 3166-2:RS;Yes;SERBIA;Belgrado
SC;Seychelles;Seychelles;SYC;SEYCHELLES;0;África;;Seychelles;la República de Seychelles;152;Seychelles;ISO 3166-2:SC;Yes;SEYCHELLES;Victoria
SL;Sierra Leona;Sierra leona;SLE;SIERRA LEONA;0;África;;Sierra Leona;la República de Sierra Leona;135;Sierra Leone;ISO 3166-2:SL;Yes;SIERRA LEONA;Freetown
SG;Singapur;Singapur;SGP;SINGAPUR;0;Asia;;Singapur;la República de Singapur;333;Singapore;ISO 3166-2:SG;Yes;SINGAPUR;Singapur
SY;Siria;República Árabe Siria;SYR;SIRIA;0;Asia;;República Árabe Siria (la);la República Árabe Siria;334;Syrian Arab Republic;ISO 3166-2:SY;Yes;SIRIA;Damasco
SO;Somalia;Somalia;SOM;SOMALÍA;0;África;;Somalia;la República Somalí;136;Somalia;ISO 3166-2:SO;Yes;SOMALIA;Mogadiscio
LK;Sri Lanka;Sri Lanka;LKA;SRI LANKA;0;Asia;;Sri Lanka;la República Socialista Democrática de Sri Lanka;307;Sri Lanka;ISO 3166-2:LK;Yes;SRI LANKA;Colombo
SZ;Suazilandia;Suazilandia;SWZ;ESWATINI ;0;África;;Swazilandia;el Reino de Swazilandia;137;Eswatini;ISO 3166-2:SZ;Yes;SUAZILANDIA;Mbabane
ZA;Sudáfrica;Sudáfrica;ZAF;SUDÁFRICA;Códigos obtenidos del nombre en neerlandés: Zuid-Afrika;África;;Sudáfrica;la República de Sudáfrica;159;South Africa;ISO 3166-2:ZA;Yes;SUDÁFRICA;Pretoria, Ciudad Del Cabo, Bloemfontein
SD;Sudán;Sudán (el);SDN;SUDÁN;0;África;;Sudán (el);la República del Sudán;162;Sudan;ISO 3166-2:SD;Yes;SUDÁN DEL NORTE;Jartum
SS;Sudán del Sur;Sudán del Sur;SSD;;0;África;;Sudán del Sur (el);la República de Sudán del Sur;163;South Sudan;ISO 3166-2:SS;Yes;SUDÁN DEL SUR;Yuba
SE;Suecia;Suecia;SWE;SUECIA ;0;Europa;;Suecia;el Reino de Suecia;429;Sweden;ISO 3166-2:SE;Yes;SUECIA;Estocolmo
CH;Suiza;Suiza;CHE;SUIZA;Códigos obtenidos del nombre en latín: Confoederatio Helvetica;Europa;;Suiza;la Confederación Suiza;430;Switzerland;ISO 3166-2:CH;Yes;SUIZA;Berna
SR;Surinam;Suriname;SUR;SURINAM;0;América;América del sur;Suriname;la República de Suriname;232;Suriname;ISO 3166-2:SR;Yes;SURINAM;Paramaribo
SJ;Svalbard y Jan Mayen;Svalbard y Jan Mayen;SJM;;Comprende dos territorios árticos de Noruega: Svalbard y Jan Mayen.;;;;;;Svalbard and Jan Mayen[f];ISO 3166-2:SJ;No;;
TH;Tailandia;Tailandia;THA;TAILANDIA;0;Asia;;Tailandia;el Reino de Tailandia;335;Thailand;ISO 3166-2:TH;Yes;TAILANDIA;Bangkok
TW;Taiwán (República de China);Taiwán (Provincia de China);TWN;;Cubre la jurisdicción actual de la República de China (Taiwán), excepto Kinmen e Islas Matsu.;Asia;;;;313;Taiwan, Province of China;ISO 3166-2:TW[g];No;TAIWAN;Taipeh
TZ;Tanzania;Tanzania, República Unida de;TZA;TANZANIA;0;África;;República Unida de Tanzanía (la);la República Unida de Tanzanía;139;Tanzania, United Republic of;ISO 3166-2:TZ;Yes;TANZANIA;Dodoma
TJ;Tayikistán;Tayikistán;TJK;TAYIKISTÁN;0;Asia;;Tayikistán;la República de Tayikistán;354;Tajikistan;ISO 3166-2:TJ;Yes;TAYIKISTÁN;Dusambé
IO;Territorio Británico del Océano Índico;Territorio Británico del Océano Índico (el);IOT;;0;;;;;;British Indian Ocean Territory;ISO 3166-2:IO;No;;
TF;Tierras Australes y Antárticas Francesas;Tierras Australes Francesas (las);ATF;;Comprende las tierras australes y antárticas francesas excepto la parte incluida en la Antártida conocida como Tierra Adelia.;África;;;;147;French Southern Territories;ISO 3166-2:TF;No;;
TL;Timor Oriental;Timor-Leste;TLS;TIMOR ORIENTAL;Nombre oficial en la ISO en portugués.;Asia;;Timor-Leste;la República Democrática de Timor-Leste;358;Timor-Leste;ISO 3166-2:TL;Yes;TIMOR ORIENTAL;Dili
TG;Togo;Togo;TGO;TOGO;0;África;;Togo (el);la República Togolesa;140;Togo;ISO 3166-2:TG;Yes;TOGO;Lomé
TK;Tokelau;Tokelau;TKL;;0;;;;;;Tokelau;ISO 3166-2:TK;No;;
TO;Tonga;Tonga;TON;;0;Oceanía;;Tonga;el Reino de Tonga;519;Tonga;ISO 3166-2:TO;Yes;TONGA;Nuku'alofa
TT;Trinidad y Tobago;Trinidad y Tobago;TTO;TRINIDAD Y TOBAGO;0;América;América del sur;Trinidad y Tabago;la República de Trinidad y Tabago;224;Trinidad and Tobago;ISO 3166-2:TT;Yes;TRINIDAD Y TOBAGO;Puerto España
TN;Túnez;Túnez;TUN;TÚNEZ;0;África;;Túnez;la República de Túnez;141;Tunisia;ISO 3166-2:TN;Yes;TÚNEZ;Túnez
TM;Turkmenistán;Turkmenistán;TKM;TURKMENISTÁN;0;Asia;;Turkmenistán;Turkmenistán;355;Turkmenistan;ISO 3166-2:TM;Yes;TURKMENISTÁN;Asjabad
TR;Turquía;Turquía;TUR;TURQUÍA;0;Europa;;Turquía;la República de Turquía;436;Turkey;ISO 3166-2:TR;Yes;TURQUÍA;Ankara
TV;Tuvalu;Tuvalu;TUV;;0;Oceanía;;Tuvalu;Tuvalu;517;Tuvalu;ISO 3166-2:TV;Yes;TUVALU;Funafuti
UA;Ucrania;Ucrania;UKR;UCRANIA;0;Europa;;Ucrania;Ucrania;445;Ukraine;ISO 3166-2:UA;Yes;UCRANIA;Kiev
UG;Uganda;Uganda;UGA;UGANDA;0;África;;Uganda;la República de Uganda;142;Uganda;ISO 3166-2:UG;Yes;UGANDA;Kampala
UY;Uruguay;Uruguay;URY;URUGUAY;0;América;América del sur;Uruguay (el);la República Oriental del Uruguay;225;Uruguay;ISO 3166-2:UY;Yes;URUGUAY;Montevideo
UZ;Uzbekistán;Uzbekistán;UZB;UZBEKISTÁN;0;Asia;;Uzbekistán;la República de Uzbekistán;356;Uzbekistan;ISO 3166-2:UZ;Yes;UZBEKISTÁN;Tashkent
VU;Vanuatu;Vanuatu;VUT;VANUATU;0;Oceanía;;Vanuatu;la República de Vanuatu;505;Vanuatu;ISO 3166-2:VU;Yes;VANUATU;Port Vila
VE;Venezuela;Venezuela (República Bolivariana de);VEN;VENEZUELA ;0;América;América del sur;Venezuela (República Bolivariana de);la República Bolivariana de Venezuela;226;Venezuela (Bolivarian Republic of);ISO 3166-2:VE;Yes;VENEZUELA;Caracas
VN;Vietnam;Viet Nam;VNM;VIETNAM;0;Asia;;Viet Nam;la República Socialista de Viet Nam;337;Viet Nam;ISO 3166-2:VN;Yes;VIETNAM;Hanoi
WF;Wallis y Futuna;Wallis y Futuna;WLF;;Colectividad de ultramar francesa.;;;;;;Wallis and Futuna;ISO 3166-2:WF;No;;
YE;Yemen;Yemen;YEM;YEMEN;0;Asia;;Yemen (el);la República del Yemen;348;Yemen;ISO 3166-2:YE;Yes;YEMEN;Saná
DJ;Yibuti;Yibuti;DJI;DJIBOUTI;0;África;;Djibouti;la República de Djibouti;153;Djibouti;ISO 3166-2:DJ;Yes;YIBUTI;Yibuti
ZM;Zambia;Zambia;ZMB;ZAMBIA;0;África;;Zambia;la República de Zambia;144;Zambia;ISO 3166-2:ZM;Yes;ZAMBIA;Lusaka
ZW;Zimbabue;Zimbabue;ZWE;ZIMBABWE;0;África;;Zimbabwe;la República de Zimbabwe;132;Zimbabwe;ISO 3166-2:ZW;Yes;ZIMBABUE;Harare
AC;Isla Ascensión;;ASC;;;;;;;;;;;;
CP;Isla Clipperton;;CPT;;;;;;;;;;;;
DG;Diego García;;DGA;;;;;;;;;;;;
EA;Ceuta y  Melilla;;;;;;;;;;;;;;
EU;Unión Europea;;EUR;UNIÓN EUROPEA;;;;;;;;;;;
EZ;Europa;;;;;;;;;;;;;;
FX;Francia metropolitana;;FXX;;;;;;;;;;;;
IC;Islas Canarias;;;;;;;;;;;;;;
TA;Tristán de Acuña;;TAA;;;;;;;;;;;;
SU;Unión Soviética;;SUN;;;;;;;;;;;;
UK;Reino Unido;;;;;;;;;;;;;;
UN;Naciones Unidas;;;;;;;;;;;;;;
AN;Antillas Neerlandesas;;ANT;;;América;América central y el Caribe; ;;241;;;;;
BU;Birmania;;BUR;;;;;;;;;;;;
R1;Rumania;;ROM;;;;;;;;;;;;
CS;Serbia y Montenegro;;SCG;;;Europa;;;;452;;;;;
TP;Timor Portugués;;TMP;;;;;;;;;;;;
YU;Yugoslavia;;YUG;;;;;;;;;;;;
ZR;Zaire;;ZAR;;;;;;;;;;;;
NT;Zona Neutral;;NTZ;;;;;;;;;;;;
S1;Soberana Orden de Malta;;;SOBERANA ORDEN DE MALTA;;;;;;;;;;;
N1;Nunciatura Apostólica;;;NUNCIATURA APOSTÓLICA;;;;;;;;;;;
L1;Liga de los Estados Árabes;;;LIGA DE LOS ESTADOS ÁRABES;;;;;;;;;;;
